<?xml version="1.0" encoding="UTF-8"?>
<wls:weblogic-web-app xmlns:wls="http://xmlns.oracle.com/weblogic/weblogic-web-app" xmlns:xsi="http://www.w3.org/2001/XMLSchema-instance"
    xsi:schemaLocation="http://java.sun.com/xml/ns/javaee http://java.sun.com/xml/ns/javaee/web-app_3_0.xsd http://xmlns.oracle.com/weblogic/weblogic-web-app http://xmlns.oracle.com/weblogic/weblogic-web-app/1.8/weblogic-web-app.xsd">
    <wls:container-descriptor>
		<wls:prefer-application-packages>
			<wls:package-name>com.fasterxml.*</wls:package-name>
			<wls:package-name>com.fasterxml.jackson.*</wls:package-name>
			<wls:package-name>org.hibernate.*</wls:package-name>
			<wls:package-name>org.hibernate.validator.*</wls:package-name>
			<wls:package-name>org.hibernate.javax.persistence.*</wls:package-name>
			<wls:package-name>org.jboss.logging.*</wls:package-name>
			<wls:package-name>org.jboss.spec.javax.transaction.*</wls:package-name>
			<wls:package-name>joda-time</wls:package-name>
			<wls:package-name>org.json.*</wls:package-name>
			<wls:package-name>org.slf4j.*</wls:package-name>
			<wls:package-name>org.springframework.*</wls:package-name>
			<wls:package-name>wsdl4j.*</wls:package-name>
			<wls:package-name>com.mysema.query.jpa.*</wls:package-name>
			<wls:package-name>javax.validation.*</wls:package-name>
			<wls:package-name>org.apache.*</wls:package-name>
		</wls:prefer-application-packages>
    </wls:container-descriptor>
</wls:weblogic-web-app>